word,definition,partOfSpeech,pronunciation,example,audio,difficulty
ephemeral,lasting for a very short time,adjective,/ɪˈfɛmərəl/,"The beauty of the sunset was ephemeral, disappearing as quickly as it arrived.",https://media.merriam-webster.com/audio/prons/en/us/mp3/e/epheme04.mp3,intermediate
ambiguous,open to more than one interpretation,adjective,/æmˈbɪɡjuəs/,The instructions were ambiguous and led to confusion.,https://media.merriam-webster.com/audio/prons/en/us/mp3/a/ambigu02.mp3,intermediate
plausible,seeming reasonable or probable,adjective,/ˈplɔːzɪbəl/,Her explanation seemed plausible given the evidence at hand.,https://media.merriam-webster.com/audio/prons/en/us/mp3/p/plausi02.mp3,intermediate
inhibit,"to hinder, restrain, or prevent",verb,/ɪnˈhɪbɪt/,The new policy will inhibit the company's growth.,https://media.merriam-webster.com/audio/prons/en/us/mp3/i/inhibi02.mp3,intermediate
frivolous,not having any serious purpose or value,adjective,/ˈfrɪvələs/,They spent money on frivolous items instead of saving for the future.,https://media.merriam-webster.com/audio/prons/en/us/mp3/f/frivol05.mp3,intermediate
candid,truthful and straightforward; frank,adjective,/ˈkændɪd/,She gave a candid interview about her experiences.,https://media.merriam-webster.com/audio/prons/en/us/mp3/c/candid01.mp3,intermediate
mitigate,"to make less severe, serious, or painful",verb,/ˈmɪtɪɡeɪt/,The measures were taken to mitigate the impact of the economic downturn.,https://media.merriam-webster.com/audio/prons/en/us/mp3/m/mitiga01.mp3,intermediate
resilient,able to recover quickly from difficulties; tough,adjective,/rɪˈzɪljənt/,Her resilient attitude helped her bounce back from the setback.,https://media.merriam-webster.com/audio/prons/en/us/mp3/r/resili03.mp3,intermediate
eloquent,fluent or persuasive in speaking or writing,adjective,/ˈɛləkwənt/,The president gave an eloquent speech that inspired the audience.,https://media.merriam-webster.com/audio/prons/en/us/mp3/e/eloque02.mp3,intermediate
concur,to agree or have the same opinion,verb,/kənˈkɜːr/,I concur with your assessment of the situation.,https://media.merriam-webster.com/audio/prons/en/us/mp3/c/concur01.mp3,intermediate
pragmatic,dealing with things sensibly and realistically,adjective,/præɡˈmætɪk/,Her pragmatic approach to problem-solving made her an effective leader.,https://media.merriam-webster.com/audio/prons/en/us/mp3/p/pragma01.mp3,intermediate
meticulous,showing great attention to detail; very careful and precise,adjective,/məˈtɪkjələs/,His meticulous research ensured that every detail was accurate.,https://media.merriam-webster.com/audio/prons/en/us/mp3/m/meticu01.mp3,intermediate
tentative,not certain or fixed; provisional,adjective,/ˈtɛntətɪv/,They made tentative plans for the weekend but were open to changes.,https://media.merriam-webster.com/audio/prons/en/us/mp3/t/tentat01.mp3,intermediate
juxtapose,to place or deal with close together for contrasting effect,verb,/ˌdʒʌkstəˈpoʊz/,The artist juxtaposed bright colors with dark backgrounds to create a striking effect.,https://media.merriam-webster.com/audio/prons/en/us/mp3/j/juxtap01.mp3,intermediate
perplexed,completely baffled; very puzzled,adjective,/pərˈplɛkst/,The complex instructions left me feeling perplexed and confused.,https://media.merriam-webster.com/audio/prons/en/us/mp3/p/perple02.mp3,intermediate
notorious,"famous or well known, typically for some bad quality or deed",adjective,/noʊˈtɔːriəs/,The criminal was notorious for his elaborate heists.,https://media.merriam-webster.com/audio/prons/en/us/mp3/n/notori02.mp3,intermediate
tangible,perceptible by touch; capable of being touched or felt,adjective,/ˈtændʒəbl/,The results of the project were tangible and easily measurable.,https://media.merriam-webster.com/audio/prons/en/us/mp3/t/tangib01.mp3,intermediate
cognizant,having knowledge or being aware of,adjective,/ˈkɒɡnɪzənt/,She was cognizant of the risks involved in the investment.,https://media.merriam-webster.com/audio/prons/en/us/mp3/c/cogniz04.mp3,intermediate
transient,lasting only for a short time; impermanent,adjective,/ˈtrænziənt/,The transient nature of the job meant that she had to constantly adapt to new environments.,https://media.merriam-webster.com/audio/prons/en/us/mp3/t/transi05.mp3,intermediate
capricious,given to sudden and unaccountable changes of mood or behavior,adjective,/kəˈprɪʃəs/,Her capricious nature made it difficult for others to predict her reactions.,https://media.merriam-webster.com/audio/prons/en/us/mp3/c/capric05.mp3,intermediate
aberration,"a departure from what is normal, usual, or expected, typically one that is unwelcome",noun,/ˌæbəˈreɪʃən/,The sudden drop in temperature was an aberration for this time of year.,https://media.merriam-webster.com/audio/prons/en/us/mp3/a/aberra05.mp3,intermediate
furtive,"attempting to avoid notice or attention, typically because of guilt or a belief that discovery would lead to trouble",adjective,/ˈfɜːrtɪv/,He cast a furtive glance over his shoulder to make sure no one was watching.,https://media.merriam-webster.com/audio/prons/en/us/mp3/f/furtiv01.mp3,intermediate
incisive,intelligently analytical and clear-thinking,adjective,/ɪnˈsaɪsɪv/,Her incisive comments during the meeting helped clarify the complex issues.,https://media.merriam-webster.com/audio/prons/en/us/mp3/i/incisi02.mp3,intermediate
tenacious,tending to keep a firm hold of something; clinging or adhering closely,adjective,/tɪˈneɪʃəs/,Her tenacious spirit allowed her to overcome numerous obstacles in her career.,https://media.merriam-webster.com/audio/prons/en/us/mp3/t/tenaci01.mp3,intermediate
vicarious,experienced in the imagination through the feelings or actions of another person,adjective,/vɪˈkɛəriəs/,She lived vicariously through her friend's thrilling adventures.,https://media.merriam-webster.com/audio/prons/en/us/mp3/v/vicari05.mp3,intermediate
apathetic,"showing or feeling no interest, enthusiasm, or concern",adjective,/ˌæpəˈθɛtɪk/,His apathetic attitude towards the project was evident in his lack of effort.,https://media.merriam-webster.com/audio/prons/en/us/mp3/a/apathe01.mp3,intermediate
belligerent,hostile and aggressive,adjective,/bəˈlɪdʒərənt/,The belligerent attitude of the opposing team made negotiations difficult.,https://media.merriam-webster.com/audio/prons/en/us/mp3/b/bellig03.mp3,intermediate
circumspect,wary and unwilling to take risks,adjective,/ˈsɜːrkəmspɛkt/,"She was circumspect in her investments, carefully weighing all risks.",https://media.merriam-webster.com/audio/prons/en/us/mp3/c/circum26.mp3,intermediate
debilitate,make (someone) weak and infirm,verb,/dɪˈbɪlɪˌteɪt/,"The illness had begun to debilitate him, making daily tasks challenging.",https://media.merriam-webster.com/audio/prons/en/us/mp3/d/debili01.mp3,intermediate
ebullient,cheerful and full of energy,adjective,/ɪˈbʌljənt/,Her ebullient personality made her a favorite at social gatherings.,https://media.merriam-webster.com/audio/prons/en/us/mp3/e/ebulli04.mp3,intermediate
hapless,unfortunate,adjective,/ˈhæpləs/,The hapless traveler lost his passport and missed his flight.,https://media.merriam-webster.com/audio/prons/en/us/mp3/h/haples01.mp3,intermediate
jubilant,feeling or expressing great happiness and triumph,adjective,/ˈdʒuːbɪlənt/,The crowd was jubilant after the home team won the championship.,https://media.merriam-webster.com/audio/prons/en/us/mp3/j/jubila02.mp3,intermediate
keen,having or showing eagerness or enthusiasm,adjective,/kiːn/,She was keen to start her new job and make a positive impression.,https://media.merriam-webster.com/audio/prons/en/us/mp3/k/keen0001.mp3,intermediate
lethargic,affected by lethargy; sluggish and apathetic,adjective,/lɪˈθɑːrdʒɪk/,He felt lethargic after staying up all night studying for exams.,https://media.merriam-webster.com/audio/prons/en/us/mp3/l/lethar01.mp3,intermediate
obstinate,"stubbornly refusing to change one's opinion or chosen course of action, despite attempts to persuade one to do so",adjective,/ˈɒbstɪnət/,"Despite the evidence, he remained obstinate in his belief that he was right.",https://media.merriam-webster.com/audio/prons/en/us/mp3/o/obstin02.mp3,intermediate
pedantic,excessively concerned with minor details or rules; overscrupulous,adjective,/pɪˈdæntɪk/,Her pedantic approach to editing made her difficult to work with.,https://media.merriam-webster.com/audio/prons/en/us/mp3/p/pedant02.mp3,intermediate
soporific,tending to induce drowsiness or sleep,adjective,/ˌsɒpəˈrɪfɪk/,The professor's soporific lecture caused many students to fall asleep.,https://media.merriam-webster.com/audio/prons/en/us/mp3/s/sopori02.mp3,intermediate
taciturn,reserved or uncommunicative in speech; saying little,adjective,/ˈtæsɪˌtɜːrn/,His taciturn nature made it difficult for others to get to know him.,https://media.merriam-webster.com/audio/prons/en/us/mp3/t/tacitu01.mp3,intermediate
voracious,wanting or devouring great quantities of food,adjective,/vəˈreɪʃəs/,He had a voracious appetite and could eat an entire pizza by himself.,https://media.merriam-webster.com/audio/prons/en/us/mp3/v/voraci01.mp3,intermediate
wistful,having or showing a feeling of vague or regretful longing,adjective,/ˈwɪstfəl/,She gave a wistful look at the old photographs from her childhood.,https://media.merriam-webster.com/audio/prons/en/us/mp3/w/wistfu01.mp3,intermediate
xenophobic,having or showing a dislike of or prejudice against people from other countries,adjective,/ˌzɛnəˈfoʊbɪk/,His xenophobic comments were met with widespread condemnation.,https://media.merriam-webster.com/audio/prons/en/us/mp3/x/xenoph04.mp3,intermediate
yielding,giving way under pressure; not hard or rigid,adjective,/ˈjiːldɪŋ/,"The clay was yielding to his sculpting tools, allowing for intricate designs.",https://media.merriam-webster.com/audio/prons/en/us/mp3/y/yieldi01.mp3,intermediate
zenith,the time at which something is most powerful or successful,noun,/ˈziːnəθ/,"The company reached its zenith during the early 2000s, dominating the industry.",https://media.merriam-webster.com/audio/prons/en/us/mp3/z/zenith01.mp3,intermediate
abate,to become less intense or widespread,verb,/əˈbeɪt/,The storm finally began to abate after hours of heavy rain.,https://media.merriam-webster.com/audio/prons/en/us/mp3/a/abate001.mp3,intermediate
benevolent,well-meaning and kindly,adjective,/bɪˈnɛvələnt/,Her benevolent actions earned her the admiration and gratitude of the community.,https://media.merriam-webster.com/audio/prons/en/us/mp3/b/benevo02.mp3,intermediate
diligent,having or showing care and conscientiousness in one's work or duties,adjective,/ˈdɪlɪdʒənt/,"She was a diligent student, always completing her assignments on time.",https://media.merriam-webster.com/audio/prons/en/us/mp3/d/dilige04.mp3,intermediate
eclectic,"deriving ideas, style, or taste from a broad and diverse range of sources",adjective,/ɪˈklɛktɪk/,"The restaurant's decor was eclectic, featuring a mix of vintage and modern elements.",https://media.merriam-webster.com/audio/prons/en/us/mp3/e/eclect01.mp3,intermediate
fervent,having or displaying a passionate intensity,adjective,/ˈfɜːrvənt/,Her fervent support for the cause inspired many others to get involved.,https://media.merriam-webster.com/audio/prons/en/us/mp3/f/ferven02.mp3,intermediate
germane,relevant to a subject under consideration,adjective,/dʒɜːrˈmeɪn/,The lawyer's arguments were germane to the case at hand and were well-received by the judge.,https://media.merriam-webster.com/audio/prons/en/us/mp3/g/german04.mp3,intermediate
hypocrisy,the practice of claiming to have moral standards or beliefs to which one's own behavior does not conform,noun,/hɪˈpɒkrəsi/,The politician's hypocrisy was exposed when he was found to be living in luxury while preaching austerity.,https://media.merriam-webster.com/audio/prons/en/us/mp3/h/hypocr01.mp3,intermediate
impartial,treating all rivals or disputants equally; fair and just,adjective,/ɪmˈpɑːrʃəl/,An impartial judge is essential to ensure a fair trial for all parties involved.,https://media.merriam-webster.com/audio/prons/en/us/mp3/i/impart04.mp3,intermediate
lucid,expressed clearly; easy to understand,adjective,/ˈluːsɪd/,The professor's lucid explanation of complex concepts made the material accessible to all students.,https://media.merriam-webster.com/audio/prons/en/us/mp3/l/lucid001.mp3,intermediate
mundane,lacking interest or excitement; dull,adjective,/mʌnˈdeɪn/,He was tired of his mundane job and longed for a more exciting career.,https://media.merriam-webster.com/audio/prons/en/us/mp3/m/mundan01.mp3,intermediate
nonchalant,"feeling or appearing casually calm and relaxed; not displaying anxiety, interest, or enthusiasm",adjective,/ˌnɒnʃəˈlɑːnt/,"She remained nonchalant despite the chaos around her, maintaining her composure.",https://media.merriam-webster.com/audio/prons/en/us/mp3/n/noncha02.mp3,intermediate
quandary,a state of perplexity or uncertainty over what to do in a difficult situation,noun,/ˈkwɒndəri/,He was in a quandary about whether to accept the job offer or stay at his current position.,https://media.merriam-webster.com/audio/prons/en/us/mp3/q/quanda01.mp3,intermediate
serendipity,the occurrence and development of events by chance in a happy or beneficial way,noun,/ˌsɛrənˈdɪpɪti/,Finding the perfect book at a garage sale was a delightful example of serendipity.,https://media.merriam-webster.com/audio/prons/en/us/mp3/s/serend02.mp3,intermediate
venerate,regard with great respect; revere,verb,/ˈvɛnəreɪt/,The community venerated the local hero for his bravery and selflessness.,https://media.merriam-webster.com/audio/prons/en/us/mp3/v/venera05.mp3,intermediate
wary,feeling or showing caution about possible dangers or problems,adjective,/ˈwɛəri/,She was wary of the unfamiliar situation and took precautions before proceeding.,https://media.merriam-webster.com/audio/prons/en/us/mp3/w/wary0001.mp3,intermediate
yearn,"have an intense feeling of longing for something, typically something that one has lost or been separated from",verb,/jɜːrn/,She yearned for the days when life was simpler and more carefree.,https://media.merriam-webster.com/audio/prons/en/us/mp3/y/yearn001.mp3,intermediate
zephyr,"a gentle, mild breeze",noun,/ˈzɛfər/,"The zephyr gently rustled the leaves, bringing a sense of peace to the garden.",https://media.merriam-webster.com/audio/prons/en/us/mp3/z/zephyr01.mp3,intermediate
abrupt,sudden and unexpected,adjective,/əˈbrʌpt/,The car came to an abrupt stop when the driver saw the deer crossing the road.,https://media.merriam-webster.com/audio/prons/en/us/mp3/a/abrupt01.mp3,intermediate
brisk,"active, fast, and energetic",adjective,/brɪsk/,She took a brisk walk around the park to start her day with energy.,https://media.merriam-webster.com/audio/prons/en/us/mp3/b/brisk001.mp3,intermediate
dawdle,waste time; be slow,verb,/ˈdɔːdl/,Stop dawdling and get your homework done before dinner.,https://media.merriam-webster.com/audio/prons/en/us/mp3/d/dawdle01.mp3,intermediate
eclipse,an obscuring of the light from one celestial body by the passage of another between it and the observer or between it and its source of illumination,noun,/ɪˈklɪps/,The solar eclipse was a breathtaking event that attracted many viewers.,https://media.merriam-webster.com/audio/prons/en/us/mp3/e/eclips01.mp3,intermediate
frugal,sparing or economical with regard to money or food,adjective,/ˈfruːɡəl/,His frugal nature allowed him to save a significant amount of money over the years.,https://media.merriam-webster.com/audio/prons/en/us/mp3/f/frugal01.mp3,intermediate
glimpse,see or perceive briefly or partially,verb,/ɡlɪmps/,I caught a glimpse of the celebrity as he passed by the window.,https://media.merriam-webster.com/audio/prons/en/us/mp3/g/glimps01.mp3,intermediate
hinder,"create difficulties for (someone or something), resulting in delay or obstruction",verb,/ˈhɪndər/,The construction work will hinder traffic flow on the main road for several months.,https://media.merriam-webster.com/audio/prons/en/us/mp3/h/hinder01.mp3,intermediate
ingenious,"clever, original, and inventive",adjective,/ɪnˈdʒiːniəs/,The ingenious design of the new gadget won several awards for innovation.,https://media.merriam-webster.com/audio/prons/en/us/mp3/i/ingeni01.mp3,intermediate
lament,a passionate expression of grief or sorrow,noun,/ləˈmɛnt/,The lament for the lost loved one was heard across the entire town.,https://media.merriam-webster.com/audio/prons/en/us/mp3/l/lament01.mp3,intermediate
meander,follow a winding course,verb,/miˈændər/,We decided to meander through the countryside instead of taking the direct route.,https://media.merriam-webster.com/audio/prons/en/us/mp3/m/meande01.mp3,intermediate
nimble,quick and light in movement or action; agile,adjective,/ˈnɪmbəl/,The nimble dancer performed intricate steps with grace and speed.,https://media.merriam-webster.com/audio/prons/en/us/mp3/n/nimble01.mp3,intermediate
obsolete,no longer produced or used; out of date,adjective,/ˈɒbsəliːt/,"With the advent of smartphones, many people consider pagers to be obsolete.",https://media.merriam-webster.com/audio/prons/en/us/mp3/o/obsole04.mp3,intermediate
prudent,acting with or showing care and thought for the future,adjective,/ˈpruːdnt/,It is prudent to save a portion of your salary for emergencies.,https://media.merriam-webster.com/audio/prons/en/us/mp3/p/pruden02.mp3,intermediate
quaint,attractively unusual or old-fashioned,adjective,/kwent/,They stayed in a quaint bed-and-breakfast that looked like it was from a bygone era.,https://media.merriam-webster.com/audio/prons/en/us/mp3/q/quaint01.mp3,intermediate
revere,feel deep respect or admiration for (something),verb,/rɪˈvɪər/,The community revered the local leader for his wisdom and dedication.,https://media.merriam-webster.com/audio/prons/en/us/mp3/r/revere01.mp3,intermediate
savor,"enjoy or appreciate (something pleasant) completely, especially by dwelling on it",verb,/ˈseɪvər/,"She savored every bite of the delicious meal, taking her time to enjoy it.",https://media.merriam-webster.com/audio/prons/en/us/mp3/s/savor001.mp3,intermediate
tranquil,free from disturbance; calm,adjective,/ˈtræŋkwɪl/,"The lake was tranquil, with only the sound of birds chirping in the distance.",https://media.merriam-webster.com/audio/prons/en/us/mp3/t/tranqu01.mp3,intermediate
unison,simultaneous performance of action or utterance of speech,noun,/ˈjuːnɪsən/,"The choir sang in unison, creating a powerful and harmonious sound.",https://media.merriam-webster.com/audio/prons/en/us/mp3/u/unison01.mp3,intermediate
vivid,"producing powerful feelings or strong, clear images in the mind",adjective,/ˈvɪvɪd/,"He gave a vivid description of his trip, making everyone feel as though they were there.",https://media.merriam-webster.com/audio/prons/en/us/mp3/v/vivid001.mp3,intermediate
wane,"have a progressively smaller part of its visible surface illuminated, so that it appears to decrease in size",verb,/weɪn/,"The moon began to wane, gradually shrinking from a full moon to a crescent.",https://media.merriam-webster.com/audio/prons/en/us/mp3/w/wane0001.mp3,intermediate
abstruse,difficult to understand; obscure,adjective,/æbˈstruːs/,The professor's lecture was so abstruse that many students struggled to follow along.,https://media.merriam-webster.com/audio/prons/en/us/mp3/a/abstru01.mp3,advanced
cacophony,"a harsh, discordant mixture of sounds",noun,/kæˈkɑːfəni/,The city street was filled with the cacophony of car horns and shouting vendors.,https://media.merriam-webster.com/audio/prons/en/us/mp3/c/cacoph02.mp3,advanced
deleterious,causing harm or damage,adjective,/ˌdɛlɪˈtɪəriəs/,The use of chemicals in farming can have deleterious effects on the environment.,https://media.merriam-webster.com/audio/prons/en/us/mp3/d/delete02.mp3,advanced
fastidious,very attentive to and concerned about accuracy and detail,adjective,/fæˈstɪdiəs/,She was so fastidious about her work that she would often spend hours perfecting every detail.,https://media.merriam-webster.com/audio/prons/en/us/mp3/f/fastid01.mp3,advanced
garrulous,"excessively talkative, especially on trivial matters",adjective,/ˈɡɛrələs/,The garrulous host kept the guests entertained with endless anecdotes and chatter.,https://media.merriam-webster.com/audio/prons/en/us/mp3/g/garrul02.mp3,advanced
inchoate,just begun and so not fully formed or developed; rudimentary,adjective,/ɪnˈkoʊɪt/,The inchoate project still lacked the structure needed to be considered a viable business plan.,https://media.merriam-webster.com/audio/prons/en/us/mp3/i/inchoa01.mp3,advanced
lachrymose,tearful or given to weeping,adjective,/ˌlækrɪˈmoʊs/,Her lachrymose demeanor at the farewell party showed how much she would miss her friends.,https://media.merriam-webster.com/audio/prons/en/us/mp3/l/lachry02.mp3,advanced
nefarious,wicked or criminal,adjective,/nəˈfɛəriəs/,The detective uncovered the nefarious scheme that had been operating under everyone's nose.,https://media.merriam-webster.com/audio/prons/en/us/mp3/n/nefari01.mp3,advanced
obfuscate,"render obscure, unclear, or unintelligible",verb,/ˈɒbfəˌskeɪt/,The legal jargon served only to obfuscate the true meaning of the contract.,https://media.merriam-webster.com/audio/prons/en/us/mp3/o/obfusc01.mp3,advanced
paragon,a person or thing regarded as a perfect example of a particular quality,noun,/ˈpærəɡən/,"She is a paragon of virtue, always demonstrating kindness and integrity.",https://media.merriam-webster.com/audio/prons/en/us/mp3/p/parago01.mp3,advanced
quixotic,exceedingly idealistic; unrealistic and impractical,adjective,/kwɪkˈsɒtɪk/,His quixotic plans to change the world with just a few thousand dollars were met with skepticism.,https://media.merriam-webster.com/audio/prons/en/us/mp3/q/quixot05.mp3,advanced
recalcitrant,having an obstinately uncooperative attitude toward authority or discipline,adjective,/rɪˈkælsɪtrənt/,The recalcitrant student refused to follow the school rules and caused numerous disruptions.,https://media.merriam-webster.com/audio/prons/en/us/mp3/r/recalc03.mp3,advanced
sagacious,having or showing keen mental discernment and good judgment; shrewd,adjective,/səˈɡeɪʃəs/,Her sagacious advice helped the company navigate through its financial troubles.,https://media.merriam-webster.com/audio/prons/en/us/mp3/s/sagaci01.mp3,advanced
trenchant,vigorous or incisive in expression or style,adjective,/ˈtrɛnʃənt/,The critic's trenchant review left no room for doubt about the film's shortcomings.,https://media.merriam-webster.com/audio/prons/en/us/mp3/t/trench03.mp3,advanced
ubiquitous,"present, appearing, or found everywhere",adjective,/juːˈbɪkwɪtəs/,"Smartphones have become ubiquitous in modern society, seen in almost every hand.",https://media.merriam-webster.com/audio/prons/en/us/mp3/u/ubiqui03.mp3,advanced
vociferous,vehement or clamorous,adjective,/voʊˈsɪfərəs/,The vociferous protests could be heard from miles away as the crowd demanded change.,https://media.merriam-webster.com/audio/prons/en/us/mp3/v/vocife05.mp3,advanced
winsome,attractive or appealing in appearance or character,adjective,/ˈwɪnsəm/,Her winsome smile and friendly personality won over everyone she met.,https://media.merriam-webster.com/audio/prons/en/us/mp3/w/winsom01.mp3,advanced
xenophobia,dislike of or prejudice against people from other countries,noun,/ˌzɛnəˈfoʊbiə/,Xenophobia can lead to social divisions and conflict in multicultural societies.,https://media.merriam-webster.com/audio/prons/en/us/mp3/x/xenoph08.mp3,advanced
zealous,having or showing zeal; fervent,adjective,/ˈzɛləs/,His zealous support for the cause was evident in his tireless efforts to promote it.,https://media.merriam-webster.com/audio/prons/en/us/mp3/z/zealou01.mp3,advanced
anachronistic,belonging to a period other than that being portrayed,adjective,/ˌænəkrəˈnɪstɪk/,The film's use of modern technology in a historical setting was anachronistic and jarring.,https://media.merriam-webster.com/audio/prons/en/us/mp3/a/anachr01.mp3,advanced
blandishment,a flattering or pleasing statement or action used to persuade someone gently to do something,noun,/ˈblændɪʃmənt/,She was not swayed by the blandishments of the salesperson and made a firm decision.,https://media.merriam-webster.com/audio/prons/en/us/mp3/b/blandi02.mp3,advanced
capitulate,cease to resist an opponent or an unwelcome demand; surrender,verb,/kəˈpɪʃəˌleɪt/,The army was forced to capitulate after weeks of relentless siege.,https://media.merriam-webster.com/audio/prons/en/us/mp3/c/capitu03.mp3,advanced
dissemble,"conceal one's true motives, feelings, or beliefs",verb,/dɪˈsɛmbəl/,He tried to dissemble his true intentions behind a facade of friendliness.,https://media.merriam-webster.com/audio/prons/en/us/mp3/d/dissem01.mp3,advanced
excoriate,criticize severely,verb,/ɪkˈskɔːrieɪt/,The film critic did not hold back and excoriated the movie for its poor screenplay.,https://media.merriam-webster.com/audio/prons/en/us/mp3/e/excori01.mp3,advanced
fecund,producing or capable of producing an abundance of offspring or new growth; fertile,adjective,/ˈfiːkənd/,The fecund soil of the valley made it an ideal location for farming.,https://media.merriam-webster.com/audio/prons/en/us/mp3/f/fecund02.mp3,advanced
gregarious,fond of company; sociable,adjective,/ɡrɪˈɡɛəriəs/,Her gregarious nature made her the life of every party she attended.,https://media.merriam-webster.com/audio/prons/en/us/mp3/g/gregar02.mp3,advanced
harangue,a lengthy and aggressive speech,noun,/həˈræŋ/,The politician's harangue left the audience both excited and exhausted.,https://media.merriam-webster.com/audio/prons/en/us/mp3/h/harang01.mp3,advanced
iconoclast,a person who attacks cherished beliefs or institutions,noun,/aɪˈkɒnəklæst/,"As an iconoclast, he challenged traditional norms and conventions in his work.",https://media.merriam-webster.com/audio/prons/en/us/mp3/i/iconoc02.mp3,advanced
jejune,"naive, simplistic, and superficial",adjective,/dʒɪˈdʒuːn/,"The film's plot was jejune, lacking the depth and complexity expected from a major release.",https://media.merriam-webster.com/audio/prons/en/us/mp3/j/jejune01.mp3,advanced
kaleidoscopic,having complex patterns of colors; multicolored,adjective,/kəˌlaɪdəˈskɒpɪk/,The kaleidoscopic view from the top of the mountain was breathtaking.,https://media.merriam-webster.com/audio/prons/en/us/mp3/k/kaleid01.mp3,advanced
languid,displaying or having a disinclination for physical exertion or effort; slow and relaxed,adjective,/ˈlæŋɡwɪd/,"After the long run, he felt languid and in need of a rest.",https://media.merriam-webster.com/audio/prons/en/us/mp3/l/langui01.mp3,advanced
mellifluous,sweet or musical; pleasant to hear,adjective,/məˈlɪfluəs/,The mellifluous tones of the violin captivated the audience.,https://media.merriam-webster.com/audio/prons/en/us/mp3/m/mellif02.mp3,advanced
nadir,the lowest point in the fortunes of a person or organization,noun,/ˈneɪdɪər/,The company's financial troubles reached their nadir before they began to recover.,https://media.merriam-webster.com/audio/prons/en/us/mp3/n/nadir001.mp3,advanced
obstreperous,noisy and difficult to control,adjective,/əbˈstrɛpərəs/,The obstreperous children made it hard for the teacher to maintain order in the classroom.,https://media.merriam-webster.com/audio/prons/en/us/mp3/o/obstre01.mp3,advanced
pellucid,translucently clear,adjective,/pəˈluːsɪd/,The pellucid waters of the lake made it easy to see the fish swimming beneath the surface.,https://media.merriam-webster.com/audio/prons/en/us/mp3/p/pelluc01.mp3,advanced
quintessential,representing the most perfect or typical example of a quality or class,adjective,/ˌkwɪntɪˈsɛnʃəl/,The restaurant's dish was the quintessential example of French cuisine.,https://media.merriam-webster.com/audio/prons/en/us/mp3/q/quinte02.mp3,advanced
recondite,little known; abstruse,adjective,/ˈrɛkənˌdaɪt/,The recondite subject of quantum mechanics was beyond the grasp of most students.,https://media.merriam-webster.com/audio/prons/en/us/mp3/r/recond02.mp3,advanced
sycophant,a person who acts obsequiously toward someone important in order to gain advantage,noun,/ˈsɪkəfænt/,The CEO was surrounded by sycophants who flattered him excessively.,https://media.merriam-webster.com/audio/prons/en/us/mp3/s/sycoph02.mp3,advanced
tantamount,equivalent in seriousness to; virtually the same as,adjective,/ˈtæntəˌmaʊnt/,His refusal to attend the meeting was tantamount to resigning from his position.,https://media.merriam-webster.com/audio/prons/en/us/mp3/t/tantam01.mp3,advanced
unctuous,excessively or ingratiatingly flattering; oily,adjective,/ˈʌŋkʧəs/,The salesman’s unctuous demeanor made him hard to trust.,https://media.merriam-webster.com/audio/prons/en/us/mp3/u/unctuo01.mp3,advanced
vicissitude,"a change of circumstances or fortune, typically one that is unwelcome or unpleasant",noun,/vɪˈsɪsɪˌtud/,The vicissitudes of life have taught her to be resilient and adaptable.,https://media.merriam-webster.com/audio/prons/en/us/mp3/v/viciss01.mp3,advanced
wizened,shriveled or wrinkled with age,adjective,/ˈwɪzənd/,The wizened old man told stories of his youth with a twinkle in his eye.,https://media.merriam-webster.com/audio/prons/en/us/mp3/w/wizen002.mp3,advanced
yoke,to join or bring together,verb,/joʊk/,The two companies decided to yoke their resources to tackle the project more effectively.,https://media.merriam-webster.com/audio/prons/en/us/mp3/9/9yoke001.mp3,advanced
acumen,"the ability to make good judgments and quick decisions, typically in a particular domain",noun,/ˈækjʊmən/,Her business acumen helped her to turn the failing company around.,https://media.merriam-webster.com/audio/prons/en/us/mp3/a/acumen01.mp3,advanced
beleaguer,"to cause constant or repeated trouble for a person, business, etc.",verb,/bɪˈliːɡər/,The company was beleaguered by a series of lawsuits that drained its resources.,https://media.merriam-webster.com/audio/prons/en/us/mp3/b/beleag01.mp3,advanced
circumlocution,"the use of many words where fewer would do, especially in a deliberate attempt to be vague or evasive",noun,/ˌsɜːrkəmloʊˈkjuːʃən/,His circumlocution in the meeting only served to confuse everyone further.,https://media.merriam-webster.com/audio/prons/en/us/mp3/c/circum16.mp3,advanced
diaphanous,"light, delicate, and translucent (usually used to describe fabric)",adjective,/daɪˈæfənəs/,The diaphanous fabric of the dress flowed elegantly as she walked.,https://media.merriam-webster.com/audio/prons/en/us/mp3/d/diapha02.mp3,advanced
expunge,erase or remove completely (something unwanted or unpleasant),verb,/ɪkˈspʌndʒ/,The record was expunged after the case was dismissed.,https://media.merriam-webster.com/audio/prons/en/us/mp3/e/expung01.mp3,advanced
forbearance,patient self-control; restraint and tolerance,noun,/fɔːrˈbɛərəns/,His forbearance during the heated argument helped to calm the situation.,https://media.merriam-webster.com/audio/prons/en/us/mp3/f/forbea04.mp3,advanced
grandiloquent,"pompous or extravagant in language, style, or manner, especially in a way that is intended to impress",adjective,/ɡrænˈdɪləkwənt/,The grandiloquent speech was full of impressive-sounding but empty phrases.,https://media.merriam-webster.com/audio/prons/en/us/mp3/g/grandi02.mp3,advanced
heuristic,enabling a person to discover or learn something for themselves,adjective,/hjʊˈrɪstɪk/,The heuristic approach allowed students to learn through exploration and experimentation.,https://media.merriam-webster.com/audio/prons/en/us/mp3/h/heuris01.mp3,advanced
intransigent,unwilling or refusing to change one's views or to agree about something,adjective,/ɪnˈtrænzɪɡənt/,Her intransigent stance on the issue prevented any form of compromise.,https://media.merriam-webster.com/audio/prons/en/us/mp3/i/intran06.mp3,advanced
munificent,more generous than is usual or necessary,adjective,/mjuːˈnɪfɪsənt/,The munificent donation greatly aided the charity’s efforts.,https://media.merriam-webster.com/audio/prons/en/us/mp3/m/munifi01.mp3,advanced
nebulous,in the form of a cloud or haze; hazy,adjective,/ˈnɛbjələs/,The plan was still nebulous and lacked clear details.,https://media.merriam-webster.com/audio/prons/en/us/mp3/n/nebulo02.mp3,advanced
perfunctory,carried out with a minimum of effort or reflection,adjective,/pərˈfʌŋktəri/,His perfunctory response indicated that he was not genuinely interested.,https://media.merriam-webster.com/audio/prons/en/us/mp3/p/perfun01.mp3,advanced
quintessence,the most perfect or typical example of a quality or class,noun,/kwɪnˈtɛsəns/,The elegant simplicity of the design was the quintessence of modern minimalism.,https://media.merriam-webster.com/audio/prons/en/us/mp3/q/quinte01.mp3,advanced
